"","WCPCB-SPR001-20140924.1","WCPCB-SPR001-20161107.1","WCPCB-SPR001-20140827.1","WCPCB-SPR001-20140825.1","WCPCB-SPR001-20160520.1","WCPCB-SPR001-20160513.1","WCPCB-SPR001-20140909.1","WCPCB-SPR001-20140902.1","WCPCB-SPR002-20140902.1","WCPCB-SPR002-20140909.1","WCPCB-SPR002-20140825.1","WCPCB-SPR003-20140924.1","WCPCB-SPR002-20161107.1","WCPCB-SPR002-20160520.1","WCPCB-SPR002-20160513.1","WCPCB-SPR002-20140827.1","WCPCB-SPR002-20140924.1","WCPCB-SPR004-20160513.1","WCPCB-SPR004-20161107.1","WCPCB-SPR004-20140827.1","WCPCB-SPR004-20160520.1","WCPCB-SPR004-20140825.1","WCPCB-SPR004-20140924.1","WCPCB-SPR004-20140909.1","WCPCB-SPR015-20140902.1","WCPCB-SPR015-20140924.1","WCPCB-SPR015-20140827.1","WCPCB-SPR015-20161107.1","WCPCB-SPR015-20160520.1","WCPCB-SPR015-20160513.1","WCPCB-SPR015-20140825.1","WCPCB-SPR015-20140909.1","WCPCB-SPR005-20140902.1","WCPCB-SPR005-20140825.1","WCPCB-SPR005-20140909.1","WCPCB-SPR006-20140909.1","WCPCB-SPR006-20140902.1","WCPCB-SPR006-20140825.1","WCPCB-SPR007-20161107.1","WCPCB-SPR007-20140825.1","WCPCB-SPR007-20140909.1","WCPCB-SPR007-20140827.1","WCPCB-SPR007-20160513.1","WCPCB-SPR007-20160520.1","WCPCB-SPR008-20140902.1","WCPCB-SPR008-20140825.1","WCPCB-SPR008-20141002.1","WCPCB-SPR009-20140825.1","WCPCB-SPR009-20140924.1","WCPCB-SPR009-20140902.1","WCPCB-SPR009-20140827.1","WCPCB-SPR010-20140902.1","WCPCB-SPR010-20140825.1","WCPCB-SPR010-20140909.1","WCPCB-SPR011-20140902.1","WCPCB-SPR011-20140825.1","WCPCB-SPR011-20140909.1","WCPCB-SPR012-20140924.1","WCPCB-SPR012-20140902.1","WCPCB-SPR012-20140827.1","WCPCB-SPR012-20140929.1","WCPCB-SPR012-20140825.1","WCPCB-SPR013-20140825.1","WCPCB-SPR013-20140902.1","WCPCB-SPR013-20140909.1","WCPCB-SPR014-20140902.1","WCPCB-SPR014-20140924.1","WCPCB-SPR014-20140825.1","WCPCB-SPR014-20161107.1","WCPCB-SPR014-20140827.1","WCPCB-SPR014-20160520.1","WCPCB-SPR014-20160513.1"
"WCPCB-SPR001-20140924.1","1",NA,NA,NA,NA,NA,NA,NA,NA,NA,NA,NA,NA,NA,NA,NA,NA,NA,NA,NA,NA,NA,NA,NA,NA,NA,NA,NA,NA,NA,NA,NA,NA,NA,NA,NA,NA,NA,NA,NA,NA,NA,NA,NA,NA,NA,NA,NA,NA,NA,NA,NA,NA,NA,NA,NA,NA,NA,NA,NA,NA,NA,NA,NA,NA,NA,NA,NA,NA,NA,NA,NA
"WCPCB-SPR001-20161107.1","0.944","1",NA,NA,NA,NA,NA,NA,NA,NA,NA,NA,NA,NA,NA,NA,NA,NA,NA,NA,NA,NA,NA,NA,NA,NA,NA,NA,NA,NA,NA,NA,NA,NA,NA,NA,NA,NA,NA,NA,NA,NA,NA,NA,NA,NA,NA,NA,NA,NA,NA,NA,NA,NA,NA,NA,NA,NA,NA,NA,NA,NA,NA,NA,NA,NA,NA,NA,NA,NA,NA,NA
"WCPCB-SPR001-20140827.1","0.996","0.943","1",NA,NA,NA,NA,NA,NA,NA,NA,NA,NA,NA,NA,NA,NA,NA,NA,NA,NA,NA,NA,NA,NA,NA,NA,NA,NA,NA,NA,NA,NA,NA,NA,NA,NA,NA,NA,NA,NA,NA,NA,NA,NA,NA,NA,NA,NA,NA,NA,NA,NA,NA,NA,NA,NA,NA,NA,NA,NA,NA,NA,NA,NA,NA,NA,NA,NA,NA,NA,NA
"WCPCB-SPR001-20140825.1","0.937","0.789","0.935","1",NA,NA,NA,NA,NA,NA,NA,NA,NA,NA,NA,NA,NA,NA,NA,NA,NA,NA,NA,NA,NA,NA,NA,NA,NA,NA,NA,NA,NA,NA,NA,NA,NA,NA,NA,NA,NA,NA,NA,NA,NA,NA,NA,NA,NA,NA,NA,NA,NA,NA,NA,NA,NA,NA,NA,NA,NA,NA,NA,NA,NA,NA,NA,NA,NA,NA,NA,NA
"WCPCB-SPR001-20160520.1","0.902","0.975","0.899","0.706","1",NA,NA,NA,NA,NA,NA,NA,NA,NA,NA,NA,NA,NA,NA,NA,NA,NA,NA,NA,NA,NA,NA,NA,NA,NA,NA,NA,NA,NA,NA,NA,NA,NA,NA,NA,NA,NA,NA,NA,NA,NA,NA,NA,NA,NA,NA,NA,NA,NA,NA,NA,NA,NA,NA,NA,NA,NA,NA,NA,NA,NA,NA,NA,NA,NA,NA,NA
"WCPCB-SPR001-20160513.1","0.909","0.97","0.911","0.732","0.984","1",NA,NA,NA,NA,NA,NA,NA,NA,NA,NA,NA,NA,NA,NA,NA,NA,NA,NA,NA,NA,NA,NA,NA,NA,NA,NA,NA,NA,NA,NA,NA,NA,NA,NA,NA,NA,NA,NA,NA,NA,NA,NA,NA,NA,NA,NA,NA,NA,NA,NA,NA,NA,NA,NA,NA,NA,NA,NA,NA,NA,NA,NA,NA,NA,NA,NA
"WCPCB-SPR001-20140909.1","0.987","0.976","0.987","0.88","0.952","0.949","1",NA,NA,NA,NA,NA,NA,NA,NA,NA,NA,NA,NA,NA,NA,NA,NA,NA,NA,NA,NA,NA,NA,NA,NA,NA,NA,NA,NA,NA,NA,NA,NA,NA,NA,NA,NA,NA,NA,NA,NA,NA,NA,NA,NA,NA,NA,NA,NA,NA,NA,NA,NA,NA,NA,NA,NA,NA,NA,NA,NA,NA,NA,NA,NA,NA
"WCPCB-SPR001-20140902.1","0.998","0.944","0.995","0.934","0.905","0.91","0.988","1",NA,NA,NA,NA,NA,NA,NA,NA,NA,NA,NA,NA,NA,NA,NA,NA,NA,NA,NA,NA,NA,NA,NA,NA,NA,NA,NA,NA,NA,NA,NA,NA,NA,NA,NA,NA,NA,NA,NA,NA,NA,NA,NA,NA,NA,NA,NA,NA,NA,NA,NA,NA,NA,NA,NA,NA,NA,NA,NA,NA,NA,NA,NA,NA
"WCPCB-SPR002-20140902.1","0.548","0.705","0.577","0.371","0.724","0.706","0.639","0.566","1",NA,NA,NA,NA,NA,NA,NA,NA,NA,NA,NA,NA,NA,NA,NA,NA,NA,NA,NA,NA,NA,NA,NA,NA,NA,NA,NA,NA,NA,NA,NA,NA,NA,NA,NA,NA,NA,NA,NA,NA,NA,NA,NA,NA,NA,NA,NA,NA,NA,NA,NA,NA,NA,NA,NA,NA,NA,NA,NA,NA,NA,NA,NA
"WCPCB-SPR002-20140909.1","0.916","0.975","0.915","0.727","0.987","0.961","0.962","0.92","0.701","1",NA,NA,NA,NA,NA,NA,NA,NA,NA,NA,NA,NA,NA,NA,NA,NA,NA,NA,NA,NA,NA,NA,NA,NA,NA,NA,NA,NA,NA,NA,NA,NA,NA,NA,NA,NA,NA,NA,NA,NA,NA,NA,NA,NA,NA,NA,NA,NA,NA,NA,NA,NA,NA,NA,NA,NA,NA,NA,NA,NA,NA,NA
"WCPCB-SPR002-20140825.1","0.951","0.98","0.948","0.792","0.976","0.957","0.982","0.952","0.661","0.993","1",NA,NA,NA,NA,NA,NA,NA,NA,NA,NA,NA,NA,NA,NA,NA,NA,NA,NA,NA,NA,NA,NA,NA,NA,NA,NA,NA,NA,NA,NA,NA,NA,NA,NA,NA,NA,NA,NA,NA,NA,NA,NA,NA,NA,NA,NA,NA,NA,NA,NA,NA,NA,NA,NA,NA,NA,NA,NA,NA,NA,NA
"WCPCB-SPR003-20140924.1","0.917","0.976","0.917","0.729","0.989","0.966","0.964","0.92","0.718","0.996","0.989","1",NA,NA,NA,NA,NA,NA,NA,NA,NA,NA,NA,NA,NA,NA,NA,NA,NA,NA,NA,NA,NA,NA,NA,NA,NA,NA,NA,NA,NA,NA,NA,NA,NA,NA,NA,NA,NA,NA,NA,NA,NA,NA,NA,NA,NA,NA,NA,NA,NA,NA,NA,NA,NA,NA,NA,NA,NA,NA,NA,NA
"WCPCB-SPR002-20161107.1","0.896","0.979","0.902","0.742","0.947","0.947","0.94","0.898","0.767","0.941","0.938","0.948","1",NA,NA,NA,NA,NA,NA,NA,NA,NA,NA,NA,NA,NA,NA,NA,NA,NA,NA,NA,NA,NA,NA,NA,NA,NA,NA,NA,NA,NA,NA,NA,NA,NA,NA,NA,NA,NA,NA,NA,NA,NA,NA,NA,NA,NA,NA,NA,NA,NA,NA,NA,NA,NA,NA,NA,NA,NA,NA,NA
"WCPCB-SPR002-20160520.1","0.853","0.901","0.855","0.683","0.924","0.927","0.889","0.863","0.652","0.91","0.896","0.909","0.876","1",NA,NA,NA,NA,NA,NA,NA,NA,NA,NA,NA,NA,NA,NA,NA,NA,NA,NA,NA,NA,NA,NA,NA,NA,NA,NA,NA,NA,NA,NA,NA,NA,NA,NA,NA,NA,NA,NA,NA,NA,NA,NA,NA,NA,NA,NA,NA,NA,NA,NA,NA,NA,NA,NA,NA,NA,NA,NA
"WCPCB-SPR002-20160513.1","0.894","0.962","0.9","0.724","0.968","0.992","0.935","0.896","0.712","0.941","0.935","0.949","0.949","0.925","1",NA,NA,NA,NA,NA,NA,NA,NA,NA,NA,NA,NA,NA,NA,NA,NA,NA,NA,NA,NA,NA,NA,NA,NA,NA,NA,NA,NA,NA,NA,NA,NA,NA,NA,NA,NA,NA,NA,NA,NA,NA,NA,NA,NA,NA,NA,NA,NA,NA,NA,NA,NA,NA,NA,NA,NA,NA
"WCPCB-SPR002-20140827.1","0.972","0.948","0.971","0.861","0.914","0.928","0.969","0.965","0.544","0.932","0.96","0.93","0.888","0.862","0.912","1",NA,NA,NA,NA,NA,NA,NA,NA,NA,NA,NA,NA,NA,NA,NA,NA,NA,NA,NA,NA,NA,NA,NA,NA,NA,NA,NA,NA,NA,NA,NA,NA,NA,NA,NA,NA,NA,NA,NA,NA,NA,NA,NA,NA,NA,NA,NA,NA,NA,NA,NA,NA,NA,NA,NA,NA
"WCPCB-SPR002-20140924.1","0.786","0.833","0.767","0.589","0.824","0.837","0.799","0.769","0.441","0.827","0.837","0.826","0.758","0.766","0.81","0.884","1",NA,NA,NA,NA,NA,NA,NA,NA,NA,NA,NA,NA,NA,NA,NA,NA,NA,NA,NA,NA,NA,NA,NA,NA,NA,NA,NA,NA,NA,NA,NA,NA,NA,NA,NA,NA,NA,NA,NA,NA,NA,NA,NA,NA,NA,NA,NA,NA,NA,NA,NA,NA,NA,NA,NA
"WCPCB-SPR004-20160513.1","0.846","0.925","0.86","0.678","0.942","0.965","0.9","0.85","0.773","0.908","0.894","0.925","0.937","0.899","0.975","0.854","0.727","1",NA,NA,NA,NA,NA,NA,NA,NA,NA,NA,NA,NA,NA,NA,NA,NA,NA,NA,NA,NA,NA,NA,NA,NA,NA,NA,NA,NA,NA,NA,NA,NA,NA,NA,NA,NA,NA,NA,NA,NA,NA,NA,NA,NA,NA,NA,NA,NA,NA,NA,NA,NA,NA,NA
"WCPCB-SPR004-20161107.1","0.928","0.991","0.926","0.779","0.952","0.95","0.959","0.926","0.7","0.952","0.959","0.955","0.984","0.877","0.949","0.929","0.82","0.908","1",NA,NA,NA,NA,NA,NA,NA,NA,NA,NA,NA,NA,NA,NA,NA,NA,NA,NA,NA,NA,NA,NA,NA,NA,NA,NA,NA,NA,NA,NA,NA,NA,NA,NA,NA,NA,NA,NA,NA,NA,NA,NA,NA,NA,NA,NA,NA,NA,NA,NA,NA,NA,NA
"WCPCB-SPR004-20140827.1","0.91","0.946","0.912","0.737","0.933","0.948","0.933","0.903","0.595","0.941","0.948","0.939","0.897","0.877","0.932","0.972","0.931","0.884","0.928","1",NA,NA,NA,NA,NA,NA,NA,NA,NA,NA,NA,NA,NA,NA,NA,NA,NA,NA,NA,NA,NA,NA,NA,NA,NA,NA,NA,NA,NA,NA,NA,NA,NA,NA,NA,NA,NA,NA,NA,NA,NA,NA,NA,NA,NA,NA,NA,NA,NA,NA,NA,NA
"WCPCB-SPR004-20160520.1","0.841","0.914","0.85","0.667","0.935","0.953","0.889","0.848","0.719","0.906","0.887","0.916","0.915","0.97","0.965","0.851","0.739","0.967","0.897","0.881","1",NA,NA,NA,NA,NA,NA,NA,NA,NA,NA,NA,NA,NA,NA,NA,NA,NA,NA,NA,NA,NA,NA,NA,NA,NA,NA,NA,NA,NA,NA,NA,NA,NA,NA,NA,NA,NA,NA,NA,NA,NA,NA,NA,NA,NA,NA,NA,NA,NA,NA,NA
"WCPCB-SPR004-20140825.1","0.94","0.965","0.941","0.793","0.946","0.961","0.959","0.936","0.621","0.947","0.959","0.948","0.923","0.887","0.95","0.975","0.883","0.91","0.947","0.98","0.899","1",NA,NA,NA,NA,NA,NA,NA,NA,NA,NA,NA,NA,NA,NA,NA,NA,NA,NA,NA,NA,NA,NA,NA,NA,NA,NA,NA,NA,NA,NA,NA,NA,NA,NA,NA,NA,NA,NA,NA,NA,NA,NA,NA,NA,NA,NA,NA,NA,NA,NA
"WCPCB-SPR004-20140924.1","0.905","0.917","0.897","0.746","0.898","0.915","0.912","0.895","0.507","0.907","0.925","0.905","0.849","0.847","0.894","0.971","0.961","0.827","0.899","0.986","0.834","0.963","1",NA,NA,NA,NA,NA,NA,NA,NA,NA,NA,NA,NA,NA,NA,NA,NA,NA,NA,NA,NA,NA,NA,NA,NA,NA,NA,NA,NA,NA,NA,NA,NA,NA,NA,NA,NA,NA,NA,NA,NA,NA,NA,NA,NA,NA,NA,NA,NA,NA
"WCPCB-SPR004-20140909.1","0.838","0.881","0.833","0.648","0.875","0.887","0.856","0.835","0.505","0.887","0.886","0.875","0.814","0.86","0.869","0.921","0.944","0.797","0.86","0.965","0.833","0.926","0.968","1",NA,NA,NA,NA,NA,NA,NA,NA,NA,NA,NA,NA,NA,NA,NA,NA,NA,NA,NA,NA,NA,NA,NA,NA,NA,NA,NA,NA,NA,NA,NA,NA,NA,NA,NA,NA,NA,NA,NA,NA,NA,NA,NA,NA,NA,NA,NA,NA
"WCPCB-SPR015-20140902.1","0.936","0.952","0.944","0.816","0.946","0.94","0.963","0.947","0.714","0.948","0.948","0.95","0.939","0.919","0.94","0.908","0.7","0.925","0.933","0.881","0.931","0.917","0.836","0.819","1",NA,NA,NA,NA,NA,NA,NA,NA,NA,NA,NA,NA,NA,NA,NA,NA,NA,NA,NA,NA,NA,NA,NA,NA,NA,NA,NA,NA,NA,NA,NA,NA,NA,NA,NA,NA,NA,NA,NA,NA,NA,NA,NA,NA,NA,NA,NA
"WCPCB-SPR015-20140924.1","0.816","0.908","0.83","0.64","0.933","0.901","0.888","0.829","0.818","0.93","0.905","0.941","0.929","0.862","0.902","0.793","0.611","0.925","0.891","0.801","0.906","0.836","0.73","0.704","0.939","1",NA,NA,NA,NA,NA,NA,NA,NA,NA,NA,NA,NA,NA,NA,NA,NA,NA,NA,NA,NA,NA,NA,NA,NA,NA,NA,NA,NA,NA,NA,NA,NA,NA,NA,NA,NA,NA,NA,NA,NA,NA,NA,NA,NA,NA,NA
"WCPCB-SPR015-20140827.1","0.92","0.961","0.931","0.775","0.966","0.956","0.963","0.93","0.751","0.965","0.96","0.971","0.953","0.914","0.954","0.901","0.71","0.946","0.942","0.889","0.938","0.92","0.836","0.808","0.987","0.97","1",NA,NA,NA,NA,NA,NA,NA,NA,NA,NA,NA,NA,NA,NA,NA,NA,NA,NA,NA,NA,NA,NA,NA,NA,NA,NA,NA,NA,NA,NA,NA,NA,NA,NA,NA,NA,NA,NA,NA,NA,NA,NA,NA,NA,NA
"WCPCB-SPR015-20161107.1","0.656","0.794","0.679","0.465","0.832","0.794","0.752","0.671","0.863","0.822","0.777","0.841","0.853","0.758","0.805","0.631","0.459","0.869","0.785","0.669","0.835","0.702","0.572","0.556","0.836","0.965","0.882","1",NA,NA,NA,NA,NA,NA,NA,NA,NA,NA,NA,NA,NA,NA,NA,NA,NA,NA,NA,NA,NA,NA,NA,NA,NA,NA,NA,NA,NA,NA,NA,NA,NA,NA,NA,NA,NA,NA,NA,NA,NA,NA,NA,NA
"WCPCB-SPR015-20160520.1","0.88","0.928","0.891","0.733","0.924","0.958","0.908","0.88","0.666","0.903","0.907","0.908","0.904","0.892","0.968","0.912","0.786","0.94","0.907","0.919","0.932","0.94","0.884","0.862","0.924","0.861","0.926","0.753","1",NA,NA,NA,NA,NA,NA,NA,NA,NA,NA,NA,NA,NA,NA,NA,NA,NA,NA,NA,NA,NA,NA,NA,NA,NA,NA,NA,NA,NA,NA,NA,NA,NA,NA,NA,NA,NA,NA,NA,NA,NA,NA,NA
"WCPCB-SPR015-20160513.1","0.874","0.917","0.885","0.73","0.918","0.964","0.902","0.875","0.643","0.893","0.896","0.896","0.893","0.893","0.976","0.904","0.78","0.942","0.898","0.915","0.934","0.934","0.879","0.857","0.913","0.845","0.919","0.732","0.984","1",NA,NA,NA,NA,NA,NA,NA,NA,NA,NA,NA,NA,NA,NA,NA,NA,NA,NA,NA,NA,NA,NA,NA,NA,NA,NA,NA,NA,NA,NA,NA,NA,NA,NA,NA,NA,NA,NA,NA,NA,NA,NA
"WCPCB-SPR015-20140825.1","0.923","0.961","0.927","0.773","0.97","0.961","0.961","0.931","0.708","0.965","0.962","0.968","0.939","0.907","0.954","0.911","0.741","0.931","0.94","0.901","0.925","0.932","0.858","0.826","0.973","0.942","0.985","0.838","0.926","0.925","1",NA,NA,NA,NA,NA,NA,NA,NA,NA,NA,NA,NA,NA,NA,NA,NA,NA,NA,NA,NA,NA,NA,NA,NA,NA,NA,NA,NA,NA,NA,NA,NA,NA,NA,NA,NA,NA,NA,NA,NA,NA
"WCPCB-SPR015-20140909.1","0.792","0.918","0.793","0.541","0.955","0.917","0.87","0.794","0.733","0.961","0.93","0.958","0.895","0.852","0.89","0.838","0.82","0.866","0.897","0.898","0.856","0.884","0.852","0.85","0.853","0.899","0.898","0.83","0.826","0.821","0.897","1",NA,NA,NA,NA,NA,NA,NA,NA,NA,NA,NA,NA,NA,NA,NA,NA,NA,NA,NA,NA,NA,NA,NA,NA,NA,NA,NA,NA,NA,NA,NA,NA,NA,NA,NA,NA,NA,NA,NA,NA
"WCPCB-SPR005-20140902.1","0.943","0.876","0.929","0.874","0.831","0.848","0.914","0.935","0.408","0.852","0.898","0.843","0.794","0.792","0.825","0.962","0.862","0.749","0.853","0.909","0.757","0.913","0.936","0.887","0.834","0.667","0.803","0.474","0.847","0.834","0.826","0.72","1",NA,NA,NA,NA,NA,NA,NA,NA,NA,NA,NA,NA,NA,NA,NA,NA,NA,NA,NA,NA,NA,NA,NA,NA,NA,NA,NA,NA,NA,NA,NA,NA,NA,NA,NA,NA,NA,NA,NA
"WCPCB-SPR005-20140825.1","0.96","0.959","0.964","0.855","0.929","0.934","0.975","0.962","0.703","0.938","0.957","0.943","0.933","0.876","0.927","0.948","0.779","0.906","0.943","0.916","0.892","0.941","0.892","0.845","0.959","0.886","0.952","0.768","0.924","0.903","0.941","0.837","0.911","1",NA,NA,NA,NA,NA,NA,NA,NA,NA,NA,NA,NA,NA,NA,NA,NA,NA,NA,NA,NA,NA,NA,NA,NA,NA,NA,NA,NA,NA,NA,NA,NA,NA,NA,NA,NA,NA,NA
"WCPCB-SPR005-20140909.1","0.931","0.867","0.916","0.855","0.824","0.844","0.901","0.921","0.393","0.844","0.89","0.835","0.782","0.785","0.82","0.958","0.875","0.74","0.844","0.912","0.749","0.91","0.941","0.897","0.818","0.649","0.789","0.454","0.844","0.831","0.814","0.717","0.999","0.899","1",NA,NA,NA,NA,NA,NA,NA,NA,NA,NA,NA,NA,NA,NA,NA,NA,NA,NA,NA,NA,NA,NA,NA,NA,NA,NA,NA,NA,NA,NA,NA,NA,NA,NA,NA,NA,NA
"WCPCB-SPR006-20140909.1","0.685","0.674","0.689","0.567","0.632","0.672","0.669","0.67","0.277","0.673","0.7","0.651","0.584","0.607","0.657","0.815","0.815","0.57","0.651","0.829","0.587","0.784","0.847","0.855","0.602","0.451","0.583","0.29","0.74","0.727","0.611","0.61","0.821","0.682","0.836","1",NA,NA,NA,NA,NA,NA,NA,NA,NA,NA,NA,NA,NA,NA,NA,NA,NA,NA,NA,NA,NA,NA,NA,NA,NA,NA,NA,NA,NA,NA,NA,NA,NA,NA,NA,NA
"WCPCB-SPR006-20140902.1","0.658","0.647","0.661","0.543","0.603","0.644","0.64","0.643","0.251","0.645","0.673","0.623","0.555","0.58","0.629","0.792","0.8","0.541","0.624","0.807","0.559","0.76","0.828","0.839","0.574","0.419","0.552","0.26","0.718","0.704","0.581","0.581","0.805","0.657","0.821","0.999","1",NA,NA,NA,NA,NA,NA,NA,NA,NA,NA,NA,NA,NA,NA,NA,NA,NA,NA,NA,NA,NA,NA,NA,NA,NA,NA,NA,NA,NA,NA,NA,NA,NA,NA,NA
"WCPCB-SPR006-20140825.1","0.669","0.663","0.672","0.551","0.619","0.657","0.653","0.655","0.258","0.659","0.684","0.635","0.571","0.593","0.642","0.797","0.802","0.553","0.64","0.815","0.572","0.77","0.832","0.852","0.591","0.432","0.567","0.272","0.727","0.712","0.596","0.595","0.814","0.671","0.83","0.995","0.996","1",NA,NA,NA,NA,NA,NA,NA,NA,NA,NA,NA,NA,NA,NA,NA,NA,NA,NA,NA,NA,NA,NA,NA,NA,NA,NA,NA,NA,NA,NA,NA,NA,NA,NA
"WCPCB-SPR007-20161107.1","0.919","0.977","0.909","0.755","0.946","0.947","0.942","0.914","0.629","0.943","0.954","0.941","0.942","0.872","0.936","0.946","0.904","0.872","0.979","0.957","0.871","0.96","0.948","0.918","0.891","0.821","0.897","0.687","0.9","0.892","0.911","0.896","0.895","0.921","0.893","0.726","0.702","0.719","1",NA,NA,NA,NA,NA,NA,NA,NA,NA,NA,NA,NA,NA,NA,NA,NA,NA,NA,NA,NA,NA,NA,NA,NA,NA,NA,NA,NA,NA,NA,NA,NA,NA
"WCPCB-SPR007-20140825.1","0.81","0.879","0.792","0.598","0.877","0.875","0.839","0.796","0.51","0.877","0.878","0.874","0.815","0.796","0.844","0.886","0.981","0.769","0.866","0.939","0.774","0.901","0.953","0.94","0.747","0.686","0.765","0.546","0.795","0.792","0.794","0.888","0.844","0.806","0.854","0.749","0.729","0.742","0.935","1",NA,NA,NA,NA,NA,NA,NA,NA,NA,NA,NA,NA,NA,NA,NA,NA,NA,NA,NA,NA,NA,NA,NA,NA,NA,NA,NA,NA,NA,NA,NA,NA
"WCPCB-SPR007-20140909.1","0.79","0.844","0.772","0.583","0.845","0.853","0.81","0.774","0.468","0.845","0.851","0.844","0.772","0.779","0.823","0.884","0.997","0.747","0.828","0.936","0.755","0.889","0.96","0.945","0.714","0.638","0.729","0.492","0.792","0.787","0.76","0.846","0.856","0.789","0.869","0.795","0.778","0.783","0.909","0.989","1",NA,NA,NA,NA,NA,NA,NA,NA,NA,NA,NA,NA,NA,NA,NA,NA,NA,NA,NA,NA,NA,NA,NA,NA,NA,NA,NA,NA,NA,NA,NA
"WCPCB-SPR007-20140827.1","0.788","0.856","0.773","0.572","0.861","0.86","0.818","0.775","0.49","0.863","0.863","0.857","0.787","0.784","0.826","0.875","0.98","0.747","0.84","0.934","0.754","0.889","0.947","0.941","0.724","0.66","0.745","0.519","0.778","0.78","0.774","0.884","0.829","0.779","0.841","0.767","0.746","0.757","0.915","0.996","0.988","1",NA,NA,NA,NA,NA,NA,NA,NA,NA,NA,NA,NA,NA,NA,NA,NA,NA,NA,NA,NA,NA,NA,NA,NA,NA,NA,NA,NA,NA,NA
"WCPCB-SPR007-20160513.1","0.802","0.852","0.821","0.682","0.87","0.918","0.841","0.81","0.693","0.821","0.813","0.835","0.863","0.863","0.944","0.789","0.608","0.955","0.834","0.798","0.935","0.845","0.737","0.712","0.895","0.864","0.903","0.798","0.928","0.952","0.893","0.747","0.694","0.846","0.683","0.519","0.491","0.505","0.79","0.643","0.623","0.623","1",NA,NA,NA,NA,NA,NA,NA,NA,NA,NA,NA,NA,NA,NA,NA,NA,NA,NA,NA,NA,NA,NA,NA,NA,NA,NA,NA,NA,NA
"WCPCB-SPR007-20160520.1","0.898","0.953","0.897","0.728","0.955","0.983","0.929","0.895","0.655","0.928","0.928","0.935","0.925","0.934","0.982","0.929","0.877","0.948","0.937","0.955","0.953","0.96","0.935","0.913","0.909","0.844","0.915","0.728","0.952","0.956","0.924","0.875","0.868","0.924","0.867","0.699","0.674","0.688","0.952","0.898","0.887","0.879","0.899","1",NA,NA,NA,NA,NA,NA,NA,NA,NA,NA,NA,NA,NA,NA,NA,NA,NA,NA,NA,NA,NA,NA,NA,NA,NA,NA,NA,NA
"WCPCB-SPR008-20140902.1","0.66","0.712","0.644","0.46","0.697","0.718","0.669","0.637","0.346","0.714","0.724","0.71","0.633","0.642","0.693","0.799","0.969","0.604","0.703","0.862","0.614","0.791","0.899","0.89","0.558","0.473","0.572","0.331","0.691","0.684","0.606","0.727","0.776","0.655","0.797","0.847","0.839","0.828","0.802","0.92","0.956","0.929","0.476","0.767","1",NA,NA,NA,NA,NA,NA,NA,NA,NA,NA,NA,NA,NA,NA,NA,NA,NA,NA,NA,NA,NA,NA,NA,NA,NA,NA,NA
"WCPCB-SPR008-20140825.1","0.652","0.699","0.64","0.457","0.682","0.706","0.659","0.629","0.332","0.704","0.715","0.698","0.618","0.629","0.68","0.796","0.957","0.59","0.688","0.857","0.599","0.784","0.892","0.885","0.549","0.46","0.563","0.317","0.686","0.68","0.596","0.716","0.769","0.644","0.79","0.863","0.855","0.842","0.787","0.904","0.943","0.918","0.467","0.751","0.998","1",NA,NA,NA,NA,NA,NA,NA,NA,NA,NA,NA,NA,NA,NA,NA,NA,NA,NA,NA,NA,NA,NA,NA,NA,NA,NA
"WCPCB-SPR008-20141002.1","0.66","0.712","0.646","0.461","0.697","0.717","0.67","0.638","0.342","0.715","0.726","0.71","0.632","0.64","0.69","0.8","0.968","0.599","0.702","0.863","0.609","0.791","0.899","0.89","0.556","0.472","0.572","0.328","0.686","0.681","0.605","0.732","0.774","0.651","0.794","0.848","0.839","0.829","0.801","0.921","0.955","0.933","0.471","0.763","0.999","0.998","1",NA,NA,NA,NA,NA,NA,NA,NA,NA,NA,NA,NA,NA,NA,NA,NA,NA,NA,NA,NA,NA,NA,NA,NA,NA
"WCPCB-SPR009-20140825.1","0.95","0.959","0.956","0.844","0.948","0.952","0.974","0.956","0.689","0.94","0.949","0.946","0.945","0.899","0.95","0.911","0.702","0.933","0.943","0.881","0.921","0.924","0.839","0.791","0.982","0.931","0.984","0.821","0.924","0.923","0.979","0.848","0.836","0.957","0.82","0.574","0.543","0.56","0.901","0.757","0.719","0.732","0.912","0.919","0.551","0.541","0.551","1",NA,NA,NA,NA,NA,NA,NA,NA,NA,NA,NA,NA,NA,NA,NA,NA,NA,NA,NA,NA,NA,NA,NA,NA
"WCPCB-SPR009-20140924.1","0.94","0.924","0.945","0.848","0.909","0.931","0.945","0.948","0.608","0.902","0.915","0.902","0.892","0.908","0.936","0.921","0.723","0.904","0.904","0.887","0.919","0.922","0.859","0.839","0.968","0.859","0.947","0.725","0.938","0.94","0.953","0.78","0.873","0.942","0.862","0.662","0.637","0.651","0.884","0.746","0.729","0.725","0.908","0.923","0.592","0.586","0.588","0.964","1",NA,NA,NA,NA,NA,NA,NA,NA,NA,NA,NA,NA,NA,NA,NA,NA,NA,NA,NA,NA,NA,NA,NA
"WCPCB-SPR009-20140902.1","0.976","0.94","0.98","0.905","0.908","0.928","0.972","0.981","0.601","0.91","0.933","0.91","0.905","0.898","0.929","0.949","0.741","0.889","0.923","0.899","0.899","0.937","0.878","0.84","0.97","0.85","0.948","0.704","0.928","0.927","0.946","0.781","0.908","0.962","0.895","0.677","0.65","0.664","0.903","0.764","0.745","0.743","0.882","0.918","0.609","0.603","0.608","0.972","0.985","1",NA,NA,NA,NA,NA,NA,NA,NA,NA,NA,NA,NA,NA,NA,NA,NA,NA,NA,NA,NA,NA,NA
"WCPCB-SPR009-20140827.1","0.899","0.909","0.908","0.776","0.907","0.93","0.918","0.906","0.616","0.899","0.903","0.898","0.874","0.888","0.93","0.903","0.747","0.892","0.889","0.902","0.901","0.915","0.866","0.858","0.934","0.841","0.928","0.717","0.928","0.936","0.944","0.806","0.845","0.911","0.839","0.678","0.655","0.669","0.88","0.774","0.758","0.761","0.888","0.922","0.635","0.632","0.632","0.933","0.974","0.945","1",NA,NA,NA,NA,NA,NA,NA,NA,NA,NA,NA,NA,NA,NA,NA,NA,NA,NA,NA,NA,NA
"WCPCB-SPR010-20140902.1","0.909","0.807","0.9","0.901","0.756","0.779","0.869","0.906","0.368","0.771","0.823","0.762","0.744","0.73","0.764","0.873","0.677","0.699","0.792","0.79","0.707","0.821","0.798","0.737","0.819","0.645","0.782","0.465","0.784","0.783","0.813","0.607","0.91","0.859","0.9","0.65","0.631","0.64","0.795","0.683","0.677","0.661","0.695","0.783","0.568","0.566","0.564","0.838","0.877","0.894","0.852","1",NA,NA,NA,NA,NA,NA,NA,NA,NA,NA,NA,NA,NA,NA,NA,NA,NA,NA,NA,NA
"WCPCB-SPR010-20140825.1","0.902","0.816","0.892","0.879","0.773","0.792","0.871","0.899","0.392","0.784","0.831","0.776","0.757","0.738","0.776","0.867","0.68","0.716","0.801","0.793","0.72","0.824","0.797","0.736","0.823","0.667","0.793","0.496","0.79","0.789","0.826","0.629","0.898","0.862","0.888","0.634","0.613","0.624","0.803","0.692","0.683","0.669","0.707","0.793","0.567","0.563","0.562","0.845","0.877","0.888","0.857","0.997","1",NA,NA,NA,NA,NA,NA,NA,NA,NA,NA,NA,NA,NA,NA,NA,NA,NA,NA,NA
"WCPCB-SPR010-20140909.1","0.89","0.818","0.88","0.845","0.781","0.801","0.864","0.886","0.401","0.792","0.834","0.781","0.755","0.75","0.783","0.872","0.715","0.717","0.802","0.813","0.727","0.831","0.817","0.768","0.814","0.659","0.788","0.487","0.796","0.797","0.826","0.652","0.9","0.856","0.894","0.666","0.646","0.657","0.815","0.725","0.719","0.706","0.7","0.807","0.611","0.607","0.607","0.833","0.872","0.879","0.866","0.99","0.994","1",NA,NA,NA,NA,NA,NA,NA,NA,NA,NA,NA,NA,NA,NA,NA,NA,NA,NA
"WCPCB-SPR011-20140902.1","0.914","0.916","0.905","0.783","0.912","0.911","0.927","0.916","0.558","0.917","0.933","0.908","0.863","0.86","0.889","0.919","0.801","0.835","0.895","0.9","0.846","0.909","0.886","0.854","0.897","0.809","0.897","0.663","0.874","0.874","0.93","0.829","0.895","0.909","0.889","0.685","0.661","0.672","0.903","0.827","0.812","0.812","0.788","0.897","0.688","0.678","0.686","0.907","0.916","0.912","0.919","0.913","0.924","0.941","1",NA,NA,NA,NA,NA,NA,NA,NA,NA,NA,NA,NA,NA,NA,NA,NA,NA
"WCPCB-SPR011-20140825.1","0.921","0.941","0.912","0.776","0.938","0.934","0.942","0.92","0.585","0.938","0.95","0.933","0.895","0.871","0.911","0.926","0.82","0.865","0.923","0.918","0.867","0.926","0.899","0.864","0.907","0.836","0.913","0.701","0.884","0.881","0.943","0.862","0.892","0.921","0.886","0.669","0.644","0.659","0.929","0.857","0.835","0.838","0.804","0.921","0.7","0.687","0.698","0.92","0.913","0.912","0.92","0.893","0.909","0.923","0.992","1",NA,NA,NA,NA,NA,NA,NA,NA,NA,NA,NA,NA,NA,NA,NA,NA
"WCPCB-SPR011-20140909.1","0.866","0.912","0.861","0.685","0.924","0.929","0.895","0.867","0.588","0.92","0.918","0.913","0.864","0.893","0.912","0.904","0.848","0.864","0.89","0.929","0.886","0.916","0.907","0.912","0.883","0.809","0.888","0.682","0.895","0.895","0.918","0.864","0.866","0.889","0.866","0.724","0.703","0.717","0.913","0.869","0.861","0.859","0.805","0.929","0.748","0.737","0.746","0.877","0.9","0.882","0.922","0.836","0.85","0.882","0.973","0.976","1",NA,NA,NA,NA,NA,NA,NA,NA,NA,NA,NA,NA,NA,NA,NA
"WCPCB-SPR012-20140924.1","0.901","0.953","0.911","0.746","0.963","0.955","0.947","0.911","0.762","0.957","0.947","0.964","0.951","0.924","0.957","0.886","0.71","0.955","0.936","0.886","0.952","0.914","0.831","0.813","0.986","0.969","0.993","0.89","0.929","0.919","0.977","0.891","0.791","0.945","0.777","0.575","0.545","0.561","0.893","0.762","0.729","0.738","0.912","0.922","0.573","0.561","0.57","0.976","0.945","0.939","0.924","0.762","0.774","0.77","0.887","0.905","0.891","1",NA,NA,NA,NA,NA,NA,NA,NA,NA,NA,NA,NA,NA,NA
"WCPCB-SPR012-20140902.1","0.964","0.952","0.967","0.86","0.933","0.942","0.971","0.971","0.615","0.938","0.951","0.934","0.916","0.921","0.94","0.951","0.773","0.898","0.934","0.92","0.917","0.945","0.895","0.882","0.98","0.868","0.957","0.727","0.933","0.929","0.956","0.825","0.906","0.961","0.896","0.697","0.672","0.688","0.921","0.8","0.78","0.781","0.875","0.932","0.646","0.639","0.645","0.966","0.984","0.991","0.95","0.873","0.87","0.866","0.923","0.926","0.911","0.954","1",NA,NA,NA,NA,NA,NA,NA,NA,NA,NA,NA,NA,NA
"WCPCB-SPR012-20140827.1","0.944","0.965","0.95","0.813","0.966","0.971","0.972","0.951","0.697","0.957","0.96","0.961","0.943","0.929","0.969","0.927","0.747","0.946","0.945","0.911","0.947","0.939","0.87","0.842","0.988","0.931","0.989","0.821","0.948","0.947","0.985","0.872","0.852","0.961","0.839","0.628","0.598","0.614","0.916","0.791","0.762","0.77","0.921","0.945","0.608","0.598","0.607","0.99","0.974","0.974","0.953","0.832","0.839","0.837","0.925","0.937","0.918","0.985","0.979","1",NA,NA,NA,NA,NA,NA,NA,NA,NA,NA,NA,NA
"WCPCB-SPR012-20140929.1","0.871","0.922","0.885","0.717","0.934","0.941","0.912","0.884","0.732","0.925","0.91","0.927","0.917","0.928","0.95","0.87","0.695","0.949","0.9","0.88","0.96","0.904","0.823","0.834","0.976","0.931","0.969","0.852","0.944","0.935","0.957","0.847","0.783","0.924","0.773","0.622","0.596","0.613","0.863","0.732","0.71","0.713","0.927","0.918","0.57","0.562","0.566","0.95","0.958","0.936","0.941","0.759","0.769","0.77","0.875","0.884","0.896","0.982","0.956","0.972","1",NA,NA,NA,NA,NA,NA,NA,NA,NA,NA,NA
"WCPCB-SPR012-20140825.1","0.914","0.951","0.919","0.77","0.96","0.959","0.949","0.923","0.699","0.949","0.946","0.952","0.932","0.913","0.956","0.901","0.729","0.938","0.929","0.894","0.933","0.938","0.85","0.82","0.968","0.93","0.976","0.825","0.933","0.933","0.986","0.875","0.818","0.931","0.806","0.607","0.578","0.592","0.9","0.778","0.746","0.757","0.913","0.929","0.596","0.586","0.593","0.975","0.964","0.947","0.956","0.815","0.827","0.825","0.919","0.93","0.907","0.971","0.954","0.979","0.96","1",NA,NA,NA,NA,NA,NA,NA,NA,NA,NA
"WCPCB-SPR013-20140825.1","0.948","0.971","0.946","0.812","0.965","0.944","0.98","0.951","0.683","0.973","0.979","0.975","0.95","0.886","0.925","0.921","0.76","0.902","0.956","0.901","0.888","0.926","0.866","0.818","0.955","0.925","0.967","0.817","0.872","0.864","0.96","0.906","0.846","0.947","0.832","0.573","0.541","0.557","0.925","0.822","0.779","0.799","0.829","0.909","0.619","0.605","0.621","0.967","0.908","0.929","0.885","0.811","0.823","0.814","0.909","0.935","0.882","0.955","0.94","0.962","0.907","0.946","1",NA,NA,NA,NA,NA,NA,NA,NA,NA
"WCPCB-SPR013-20140902.1","0.993","0.922","0.991","0.952","0.872","0.882","0.974","0.992","0.536","0.891","0.932","0.892","0.878","0.827","0.869","0.958","0.749","0.823","0.908","0.884","0.813","0.918","0.878","0.803","0.921","0.796","0.903","0.636","0.859","0.853","0.905","0.753","0.933","0.948","0.919","0.665","0.638","0.645","0.89","0.766","0.75","0.744","0.787","0.869","0.627","0.621","0.627","0.937","0.928","0.967","0.883","0.921","0.913","0.896","0.907","0.908","0.845","0.882","0.95","0.927","0.852","0.899","0.937","1",NA,NA,NA,NA,NA,NA,NA,NA
"WCPCB-SPR013-20140909.1","0.995","0.927","0.992","0.947","0.879","0.888","0.976","0.993","0.53","0.898","0.938","0.897","0.879","0.829","0.871","0.963","0.764","0.821","0.912","0.893","0.813","0.924","0.888","0.817","0.92","0.793","0.903","0.629","0.859","0.855","0.908","0.765","0.941","0.949","0.927","0.677","0.65","0.659","0.9","0.785","0.766","0.764","0.781","0.875","0.642","0.636","0.643","0.937","0.928","0.967","0.888","0.929","0.921","0.908","0.917","0.919","0.857","0.881","0.952","0.928","0.851","0.9","0.94","0.999","1",NA,NA,NA,NA,NA,NA,NA
"WCPCB-SPR014-20140902.1","0.922","0.94","0.928","0.796","0.934","0.944","0.942","0.933","0.659","0.929","0.93","0.924","0.911","0.934","0.949","0.913","0.745","0.912","0.919","0.899","0.937","0.927","0.864","0.874","0.98","0.884","0.959","0.76","0.944","0.94","0.954","0.831","0.858","0.943","0.849","0.669","0.644","0.665","0.904","0.778","0.755","0.76","0.903","0.932","0.613","0.606","0.611","0.96","0.982","0.973","0.956","0.83","0.832","0.832","0.904","0.906","0.91","0.962","0.989","0.978","0.976","0.957","0.918","0.902","0.904","1",NA,NA,NA,NA,NA,NA
"WCPCB-SPR014-20140924.1","0.948","0.954","0.952","0.825","0.944","0.96","0.962","0.954","0.644","0.94","0.948","0.94","0.921","0.933","0.963","0.947","0.785","0.927","0.935","0.929","0.942","0.953","0.902","0.887","0.977","0.883","0.963","0.753","0.959","0.956","0.962","0.838","0.889","0.959","0.881","0.702","0.676","0.689","0.922","0.805","0.791","0.787","0.909","0.952","0.665","0.657","0.662","0.968","0.986","0.984","0.96","0.849","0.85","0.848","0.92","0.924","0.92","0.965","0.993","0.986","0.971","0.964","0.934","0.932","0.933","0.99","1",NA,NA,NA,NA,NA
"WCPCB-SPR014-20140825.1","0.927","0.96","0.934","0.787","0.966","0.964","0.961","0.937","0.716","0.957","0.952","0.96","0.943","0.929","0.962","0.907","0.729","0.946","0.94","0.898","0.947","0.929","0.852","0.836","0.989","0.941","0.989","0.84","0.934","0.931","0.986","0.879","0.826","0.951","0.814","0.597","0.567","0.587","0.907","0.782","0.747","0.761","0.916","0.935","0.585","0.574","0.584","0.986","0.967","0.962","0.948","0.805","0.814","0.811","0.909","0.925","0.907","0.988","0.974","0.994","0.977","0.979","0.96","0.908","0.909","0.979","0.979","1",NA,NA,NA,NA
"WCPCB-SPR014-20161107.1","0.944","0.964","0.947","0.856","0.914","0.932","0.955","0.945","0.66","0.903","0.921","0.909","0.964","0.868","0.941","0.913","0.723","0.913","0.965","0.881","0.901","0.927","0.848","0.797","0.951","0.876","0.943","0.763","0.925","0.916","0.937","0.798","0.851","0.945","0.837","0.612","0.585","0.602","0.927","0.763","0.728","0.73","0.891","0.92","0.587","0.575","0.584","0.968","0.946","0.962","0.908","0.837","0.84","0.826","0.879","0.899","0.855","0.937","0.953","0.957","0.918","0.94","0.935","0.935","0.933","0.94","0.953","0.95","1",NA,NA,NA
"WCPCB-SPR014-20140827.1","0.91","0.927","0.921","0.787","0.935","0.959","0.934","0.919","0.658","0.917","0.918","0.917","0.901","0.927","0.965","0.906","0.724","0.941","0.904","0.893","0.949","0.924","0.853","0.836","0.965","0.891","0.962","0.775","0.959","0.969","0.96","0.824","0.831","0.925","0.821","0.651","0.623","0.636","0.882","0.753","0.735","0.739","0.949","0.939","0.597","0.592","0.596","0.965","0.977","0.966","0.96","0.817","0.822","0.821","0.902","0.904","0.903","0.96","0.969","0.983","0.97","0.965","0.91","0.894","0.894","0.978","0.983","0.975","0.934","1",NA,NA
"WCPCB-SPR014-20160520.1","0.84","0.886","0.854","0.713","0.898","0.943","0.874","0.845","0.689","0.855","0.851","0.868","0.89","0.884","0.964","0.833","0.666","0.964","0.87","0.838","0.947","0.88","0.788","0.754","0.911","0.875","0.921","0.795","0.948","0.966","0.917","0.778","0.743","0.877","0.734","0.562","0.534","0.545","0.832","0.696","0.679","0.674","0.992","0.929","0.539","0.529","0.534","0.931","0.927","0.906","0.909","0.736","0.747","0.743","0.83","0.845","0.843","0.926","0.899","0.941","0.936","0.933","0.861","0.827","0.822","0.919","0.933","0.933","0.917","0.962","1",NA
"WCPCB-SPR014-20160513.1","0.717","0.741","0.733","0.625","0.751","0.808","0.737","0.728","0.543","0.708","0.706","0.713","0.731","0.76","0.833","0.714","0.551","0.813","0.726","0.726","0.815","0.754","0.681","0.682","0.796","0.712","0.787","0.627","0.847","0.873","0.814","0.609","0.663","0.753","0.659","0.523","0.507","0.522","0.703","0.569","0.561","0.551","0.888","0.81","0.446","0.444","0.438","0.808","0.877","0.814","0.923","0.737","0.749","0.757","0.782","0.778","0.796","0.795","0.806","0.827","0.846","0.846","0.701","0.708","0.709","0.841","0.837","0.825","0.795","0.874","0.89","1"
